Fecha,Contenido,Título del vídeo,Hora de publicación del vídeo,Duración,Visualizaciones
2026-05-01,8xWbDkPXXaA,💪🪵 Hoy celebramos a quienes construyen con sus manos y hacen realidad cada proyecto.,"May 1, 2026",36,166
2026-05-02,8xWbDkPXXaA,💪🪵 Hoy celebramos a quienes construyen con sus manos y hacen realidad cada proyecto.,"May 1, 2026",36,1
2026-05-03,8xWbDkPXXaA,💪🪵 Hoy celebramos a quienes construyen con sus manos y hacen realidad cada proyecto.,"May 1, 2026",36,0
2026-05-04,8xWbDkPXXaA,💪🪵 Hoy celebramos a quienes construyen con sus manos y hacen realidad cada proyecto.,"May 1, 2026",36,0
2026-05-05,8xWbDkPXXaA,💪🪵 Hoy celebramos a quienes construyen con sus manos y hacen realidad cada proyecto.,"May 1, 2026",36,0
2026-05-06,8xWbDkPXXaA,💪🪵 Hoy celebramos a quienes construyen con sus manos y hacen realidad cada proyecto.,"May 1, 2026",36,0
2026-05-07,8xWbDkPXXaA,💪🪵 Hoy celebramos a quienes construyen con sus manos y hacen realidad cada proyecto.,"May 1, 2026",36,0
2026-05-08,8xWbDkPXXaA,💪🪵 Hoy celebramos a quienes construyen con sus manos y hacen realidad cada proyecto.,"May 1, 2026",36,0
2026-05-09,8xWbDkPXXaA,💪🪵 Hoy celebramos a quienes construyen con sus manos y hacen realidad cada proyecto.,"May 1, 2026",36,0
2026-05-10,8xWbDkPXXaA,💪🪵 Hoy celebramos a quienes construyen con sus manos y hacen realidad cada proyecto.,"May 1, 2026",36,0
2026-05-11,8xWbDkPXXaA,💪🪵 Hoy celebramos a quienes construyen con sus manos y hacen realidad cada proyecto.,"May 1, 2026",36,0
2026-05-12,8xWbDkPXXaA,💪🪵 Hoy celebramos a quienes construyen con sus manos y hacen realidad cada proyecto.,"May 1, 2026",36,0
2026-05-13,8xWbDkPXXaA,💪🪵 Hoy celebramos a quienes construyen con sus manos y hacen realidad cada proyecto.,"May 1, 2026",36,0
2026-05-14,8xWbDkPXXaA,💪🪵 Hoy celebramos a quienes construyen con sus manos y hacen realidad cada proyecto.,"May 1, 2026",36,0
2026-05-15,8xWbDkPXXaA,💪🪵 Hoy celebramos a quienes construyen con sus manos y hacen realidad cada proyecto.,"May 1, 2026",36,0
2026-05-16,8xWbDkPXXaA,💪🪵 Hoy celebramos a quienes construyen con sus manos y hacen realidad cada proyecto.,"May 1, 2026",36,0
2026-05-17,8xWbDkPXXaA,💪🪵 Hoy celebramos a quienes construyen con sus manos y hacen realidad cada proyecto.,"May 1, 2026",36,0
2026-05-18,8xWbDkPXXaA,💪🪵 Hoy celebramos a quienes construyen con sus manos y hacen realidad cada proyecto.,"May 1, 2026",36,0
2026-05-19,8xWbDkPXXaA,💪🪵 Hoy celebramos a quienes construyen con sus manos y hacen realidad cada proyecto.,"May 1, 2026",36,0
2026-05-20,8xWbDkPXXaA,💪🪵 Hoy celebramos a quienes construyen con sus manos y hacen realidad cada proyecto.,"May 1, 2026",36,2
2026-05-21,8xWbDkPXXaA,💪🪵 Hoy celebramos a quienes construyen con sus manos y hacen realidad cada proyecto.,"May 1, 2026",36,0
2026-05-22,8xWbDkPXXaA,💪🪵 Hoy celebramos a quienes construyen con sus manos y hacen realidad cada proyecto.,"May 1, 2026",36,0
2026-05-23,8xWbDkPXXaA,💪🪵 Hoy celebramos a quienes construyen con sus manos y hacen realidad cada proyecto.,"May 1, 2026",36,0
2026-05-24,8xWbDkPXXaA,💪🪵 Hoy celebramos a quienes construyen con sus manos y hacen realidad cada proyecto.,"May 1, 2026",36,0
2026-05-25,8xWbDkPXXaA,💪🪵 Hoy celebramos a quienes construyen con sus manos y hacen realidad cada proyecto.,"May 1, 2026",36,0
2026-05-26,8xWbDkPXXaA,💪🪵 Hoy celebramos a quienes construyen con sus manos y hacen realidad cada proyecto.,"May 1, 2026",36,1
2026-05-27,8xWbDkPXXaA,💪🪵 Hoy celebramos a quienes construyen con sus manos y hacen realidad cada proyecto.,"May 1, 2026",36,0
2026-05-28,8xWbDkPXXaA,💪🪵 Hoy celebramos a quienes construyen con sus manos y hacen realidad cada proyecto.,"May 1, 2026",36,0
2026-05-29,8xWbDkPXXaA,💪🪵 Hoy celebramos a quienes construyen con sus manos y hacen realidad cada proyecto.,"May 1, 2026",36,0
2026-05-30,8xWbDkPXXaA,💪🪵 Hoy celebramos a quienes construyen con sus manos y hacen realidad cada proyecto.,"May 1, 2026",36,0
2026-05-31,8xWbDkPXXaA,💪🪵 Hoy celebramos a quienes construyen con sus manos y hacen realidad cada proyecto.,"May 1, 2026",36,0
2026-05-01,QAmb-Wlr6M8,🎨✨ Color del mes en Don Tablero: Roble Moro,"May 11, 2026",33,0
2026-05-02,QAmb-Wlr6M8,🎨✨ Color del mes en Don Tablero: Roble Moro,"May 11, 2026",33,0
2026-05-03,QAmb-Wlr6M8,🎨✨ Color del mes en Don Tablero: Roble Moro,"May 11, 2026",33,0
2026-05-04,QAmb-Wlr6M8,🎨✨ Color del mes en Don Tablero: Roble Moro,"May 11, 2026",33,0
2026-05-05,QAmb-Wlr6M8,🎨✨ Color del mes en Don Tablero: Roble Moro,"May 11, 2026",33,0
2026-05-06,QAmb-Wlr6M8,🎨✨ Color del mes en Don Tablero: Roble Moro,"May 11, 2026",33,0
2026-05-07,QAmb-Wlr6M8,🎨✨ Color del mes en Don Tablero: Roble Moro,"May 11, 2026",33,0
2026-05-08,QAmb-Wlr6M8,🎨✨ Color del mes en Don Tablero: Roble Moro,"May 11, 2026",33,0
2026-05-09,QAmb-Wlr6M8,🎨✨ Color del mes en Don Tablero: Roble Moro,"May 11, 2026",33,0
2026-05-10,QAmb-Wlr6M8,🎨✨ Color del mes en Don Tablero: Roble Moro,"May 11, 2026",33,0
2026-05-11,QAmb-Wlr6M8,🎨✨ Color del mes en Don Tablero: Roble Moro,"May 11, 2026",33,121
2026-05-12,QAmb-Wlr6M8,🎨✨ Color del mes en Don Tablero: Roble Moro,"May 11, 2026",33,1
2026-05-13,QAmb-Wlr6M8,🎨✨ Color del mes en Don Tablero: Roble Moro,"May 11, 2026",33,1
2026-05-14,QAmb-Wlr6M8,🎨✨ Color del mes en Don Tablero: Roble Moro,"May 11, 2026",33,0
2026-05-15,QAmb-Wlr6M8,🎨✨ Color del mes en Don Tablero: Roble Moro,"May 11, 2026",33,2
2026-05-16,QAmb-Wlr6M8,🎨✨ Color del mes en Don Tablero: Roble Moro,"May 11, 2026",33,0
2026-05-17,QAmb-Wlr6M8,🎨✨ Color del mes en Don Tablero: Roble Moro,"May 11, 2026",33,0
2026-05-18,QAmb-Wlr6M8,🎨✨ Color del mes en Don Tablero: Roble Moro,"May 11, 2026",33,0
2026-05-19,QAmb-Wlr6M8,🎨✨ Color del mes en Don Tablero: Roble Moro,"May 11, 2026",33,0
2026-05-20,QAmb-Wlr6M8,🎨✨ Color del mes en Don Tablero: Roble Moro,"May 11, 2026",33,1
2026-05-21,QAmb-Wlr6M8,🎨✨ Color del mes en Don Tablero: Roble Moro,"May 11, 2026",33,0
2026-05-22,QAmb-Wlr6M8,🎨✨ Color del mes en Don Tablero: Roble Moro,"May 11, 2026",33,0
2026-05-23,QAmb-Wlr6M8,🎨✨ Color del mes en Don Tablero: Roble Moro,"May 11, 2026",33,0
2026-05-24,QAmb-Wlr6M8,🎨✨ Color del mes en Don Tablero: Roble Moro,"May 11, 2026",33,0
2026-05-25,QAmb-Wlr6M8,🎨✨ Color del mes en Don Tablero: Roble Moro,"May 11, 2026",33,0
2026-05-26,QAmb-Wlr6M8,🎨✨ Color del mes en Don Tablero: Roble Moro,"May 11, 2026",33,1
2026-05-27,QAmb-Wlr6M8,🎨✨ Color del mes en Don Tablero: Roble Moro,"May 11, 2026",33,0
2026-05-28,QAmb-Wlr6M8,🎨✨ Color del mes en Don Tablero: Roble Moro,"May 11, 2026",33,0
2026-05-29,QAmb-Wlr6M8,🎨✨ Color del mes en Don Tablero: Roble Moro,"May 11, 2026",33,0
2026-05-30,QAmb-Wlr6M8,🎨✨ Color del mes en Don Tablero: Roble Moro,"May 11, 2026",33,0
2026-05-31,QAmb-Wlr6M8,🎨✨ Color del mes en Don Tablero: Roble Moro,"May 11, 2026",33,0
2026-05-01,qpcLdzKnFCw,🔧✨ Producto del mes en Don Herraje:,"May 6, 2026",24,0
2026-05-02,qpcLdzKnFCw,🔧✨ Producto del mes en Don Herraje:,"May 6, 2026",24,0
2026-05-03,qpcLdzKnFCw,🔧✨ Producto del mes en Don Herraje:,"May 6, 2026",24,0
2026-05-04,qpcLdzKnFCw,🔧✨ Producto del mes en Don Herraje:,"May 6, 2026",24,0
2026-05-05,qpcLdzKnFCw,🔧✨ Producto del mes en Don Herraje:,"May 6, 2026",24,0
2026-05-06,qpcLdzKnFCw,🔧✨ Producto del mes en Don Herraje:,"May 6, 2026",24,199
2026-05-07,qpcLdzKnFCw,🔧✨ Producto del mes en Don Herraje:,"May 6, 2026",24,1
2026-05-08,qpcLdzKnFCw,🔧✨ Producto del mes en Don Herraje:,"May 6, 2026",24,0
2026-05-09,qpcLdzKnFCw,🔧✨ Producto del mes en Don Herraje:,"May 6, 2026",24,0
2026-05-10,qpcLdzKnFCw,🔧✨ Producto del mes en Don Herraje:,"May 6, 2026",24,0
2026-05-11,qpcLdzKnFCw,🔧✨ Producto del mes en Don Herraje:,"May 6, 2026",24,0
2026-05-12,qpcLdzKnFCw,🔧✨ Producto del mes en Don Herraje:,"May 6, 2026",24,0
2026-05-13,qpcLdzKnFCw,🔧✨ Producto del mes en Don Herraje:,"May 6, 2026",24,1
2026-05-14,qpcLdzKnFCw,🔧✨ Producto del mes en Don Herraje:,"May 6, 2026",24,0
2026-05-15,qpcLdzKnFCw,🔧✨ Producto del mes en Don Herraje:,"May 6, 2026",24,0
2026-05-16,qpcLdzKnFCw,🔧✨ Producto del mes en Don Herraje:,"May 6, 2026",24,0
2026-05-17,qpcLdzKnFCw,🔧✨ Producto del mes en Don Herraje:,"May 6, 2026",24,0
2026-05-18,qpcLdzKnFCw,🔧✨ Producto del mes en Don Herraje:,"May 6, 2026",24,0
2026-05-19,qpcLdzKnFCw,🔧✨ Producto del mes en Don Herraje:,"May 6, 2026",24,0
2026-05-20,qpcLdzKnFCw,🔧✨ Producto del mes en Don Herraje:,"May 6, 2026",24,2
2026-05-21,qpcLdzKnFCw,🔧✨ Producto del mes en Don Herraje:,"May 6, 2026",24,0
2026-05-22,qpcLdzKnFCw,🔧✨ Producto del mes en Don Herraje:,"May 6, 2026",24,0
2026-05-23,qpcLdzKnFCw,🔧✨ Producto del mes en Don Herraje:,"May 6, 2026",24,0
2026-05-24,qpcLdzKnFCw,🔧✨ Producto del mes en Don Herraje:,"May 6, 2026",24,0
2026-05-25,qpcLdzKnFCw,🔧✨ Producto del mes en Don Herraje:,"May 6, 2026",24,0
2026-05-26,qpcLdzKnFCw,🔧✨ Producto del mes en Don Herraje:,"May 6, 2026",24,1
2026-05-27,qpcLdzKnFCw,🔧✨ Producto del mes en Don Herraje:,"May 6, 2026",24,3
2026-05-28,qpcLdzKnFCw,🔧✨ Producto del mes en Don Herraje:,"May 6, 2026",24,0
2026-05-29,qpcLdzKnFCw,🔧✨ Producto del mes en Don Herraje:,"May 6, 2026",24,0
2026-05-30,qpcLdzKnFCw,🔧✨ Producto del mes en Don Herraje:,"May 6, 2026",24,0
2026-05-31,qpcLdzKnFCw,🔧✨ Producto del mes en Don Herraje:,"May 6, 2026",24,0
2026-05-01,tjn-ajTPrB0,Cuando comparas... se nota la diferencia 👀✨,"May 15, 2026",36,0
2026-05-02,tjn-ajTPrB0,Cuando comparas... se nota la diferencia 👀✨,"May 15, 2026",36,0
2026-05-03,tjn-ajTPrB0,Cuando comparas... se nota la diferencia 👀✨,"May 15, 2026",36,0
2026-05-04,tjn-ajTPrB0,Cuando comparas... se nota la diferencia 👀✨,"May 15, 2026",36,0
2026-05-05,tjn-ajTPrB0,Cuando comparas... se nota la diferencia 👀✨,"May 15, 2026",36,0
2026-05-06,tjn-ajTPrB0,Cuando comparas... se nota la diferencia 👀✨,"May 15, 2026",36,0
2026-05-07,tjn-ajTPrB0,Cuando comparas... se nota la diferencia 👀✨,"May 15, 2026",36,0
2026-05-08,tjn-ajTPrB0,Cuando comparas... se nota la diferencia 👀✨,"May 15, 2026",36,0
2026-05-09,tjn-ajTPrB0,Cuando comparas... se nota la diferencia 👀✨,"May 15, 2026",36,0
2026-05-10,tjn-ajTPrB0,Cuando comparas... se nota la diferencia 👀✨,"May 15, 2026",36,0
2026-05-11,tjn-ajTPrB0,Cuando comparas... se nota la diferencia 👀✨,"May 15, 2026",36,0
2026-05-12,tjn-ajTPrB0,Cuando comparas... se nota la diferencia 👀✨,"May 15, 2026",36,0
2026-05-13,tjn-ajTPrB0,Cuando comparas... se nota la diferencia 👀✨,"May 15, 2026",36,0
2026-05-14,tjn-ajTPrB0,Cuando comparas... se nota la diferencia 👀✨,"May 15, 2026",36,0
2026-05-15,tjn-ajTPrB0,Cuando comparas... se nota la diferencia 👀✨,"May 15, 2026",36,1021
2026-05-16,tjn-ajTPrB0,Cuando comparas... se nota la diferencia 👀✨,"May 15, 2026",36,103
2026-05-17,tjn-ajTPrB0,Cuando comparas... se nota la diferencia 👀✨,"May 15, 2026",36,110
2026-05-18,tjn-ajTPrB0,Cuando comparas... se nota la diferencia 👀✨,"May 15, 2026",36,30
2026-05-19,tjn-ajTPrB0,Cuando comparas... se nota la diferencia 👀✨,"May 15, 2026",36,4
2026-05-20,tjn-ajTPrB0,Cuando comparas... se nota la diferencia 👀✨,"May 15, 2026",36,21
2026-05-21,tjn-ajTPrB0,Cuando comparas... se nota la diferencia 👀✨,"May 15, 2026",36,24
2026-05-22,tjn-ajTPrB0,Cuando comparas... se nota la diferencia 👀✨,"May 15, 2026",36,10
2026-05-23,tjn-ajTPrB0,Cuando comparas... se nota la diferencia 👀✨,"May 15, 2026",36,0
2026-05-24,tjn-ajTPrB0,Cuando comparas... se nota la diferencia 👀✨,"May 15, 2026",36,0
2026-05-25,tjn-ajTPrB0,Cuando comparas... se nota la diferencia 👀✨,"May 15, 2026",36,0
2026-05-26,tjn-ajTPrB0,Cuando comparas... se nota la diferencia 👀✨,"May 15, 2026",36,1
2026-05-27,tjn-ajTPrB0,Cuando comparas... se nota la diferencia 👀✨,"May 15, 2026",36,0
2026-05-28,tjn-ajTPrB0,Cuando comparas... se nota la diferencia 👀✨,"May 15, 2026",36,0
2026-05-29,tjn-ajTPrB0,Cuando comparas... se nota la diferencia 👀✨,"May 15, 2026",36,0
2026-05-30,tjn-ajTPrB0,Cuando comparas... se nota la diferencia 👀✨,"May 15, 2026",36,0
2026-05-31,tjn-ajTPrB0,Cuando comparas... se nota la diferencia 👀✨,"May 15, 2026",36,0
2026-05-01,wsVx1DVWsXM,"Puro elemento de calidad        Don Tablero, el aliado del carpintero.","May 19, 2026",25,0
2026-05-02,wsVx1DVWsXM,"Puro elemento de calidad        Don Tablero, el aliado del carpintero.","May 19, 2026",25,0
2026-05-03,wsVx1DVWsXM,"Puro elemento de calidad        Don Tablero, el aliado del carpintero.","May 19, 2026",25,0
2026-05-04,wsVx1DVWsXM,"Puro elemento de calidad        Don Tablero, el aliado del carpintero.","May 19, 2026",25,0
2026-05-05,wsVx1DVWsXM,"Puro elemento de calidad        Don Tablero, el aliado del carpintero.","May 19, 2026",25,0
2026-05-06,wsVx1DVWsXM,"Puro elemento de calidad        Don Tablero, el aliado del carpintero.","May 19, 2026",25,0
2026-05-07,wsVx1DVWsXM,"Puro elemento de calidad        Don Tablero, el aliado del carpintero.","May 19, 2026",25,0
2026-05-08,wsVx1DVWsXM,"Puro elemento de calidad        Don Tablero, el aliado del carpintero.","May 19, 2026",25,0
2026-05-09,wsVx1DVWsXM,"Puro elemento de calidad        Don Tablero, el aliado del carpintero.","May 19, 2026",25,0
2026-05-10,wsVx1DVWsXM,"Puro elemento de calidad        Don Tablero, el aliado del carpintero.","May 19, 2026",25,0
2026-05-11,wsVx1DVWsXM,"Puro elemento de calidad        Don Tablero, el aliado del carpintero.","May 19, 2026",25,0
2026-05-12,wsVx1DVWsXM,"Puro elemento de calidad        Don Tablero, el aliado del carpintero.","May 19, 2026",25,0
2026-05-13,wsVx1DVWsXM,"Puro elemento de calidad        Don Tablero, el aliado del carpintero.","May 19, 2026",25,0
2026-05-14,wsVx1DVWsXM,"Puro elemento de calidad        Don Tablero, el aliado del carpintero.","May 19, 2026",25,0
2026-05-15,wsVx1DVWsXM,"Puro elemento de calidad        Don Tablero, el aliado del carpintero.","May 19, 2026",25,0
2026-05-16,wsVx1DVWsXM,"Puro elemento de calidad        Don Tablero, el aliado del carpintero.","May 19, 2026",25,0
2026-05-17,wsVx1DVWsXM,"Puro elemento de calidad        Don Tablero, el aliado del carpintero.","May 19, 2026",25,0
2026-05-18,wsVx1DVWsXM,"Puro elemento de calidad        Don Tablero, el aliado del carpintero.","May 19, 2026",25,0
2026-05-19,wsVx1DVWsXM,"Puro elemento de calidad        Don Tablero, el aliado del carpintero.","May 19, 2026",25,606
2026-05-20,wsVx1DVWsXM,"Puro elemento de calidad        Don Tablero, el aliado del carpintero.","May 19, 2026",25,0
2026-05-21,wsVx1DVWsXM,"Puro elemento de calidad        Don Tablero, el aliado del carpintero.","May 19, 2026",25,0
2026-05-22,wsVx1DVWsXM,"Puro elemento de calidad        Don Tablero, el aliado del carpintero.","May 19, 2026",25,0
2026-05-23,wsVx1DVWsXM,"Puro elemento de calidad        Don Tablero, el aliado del carpintero.","May 19, 2026",25,0
2026-05-24,wsVx1DVWsXM,"Puro elemento de calidad        Don Tablero, el aliado del carpintero.","May 19, 2026",25,0
2026-05-25,wsVx1DVWsXM,"Puro elemento de calidad        Don Tablero, el aliado del carpintero.","May 19, 2026",25,0
2026-05-26,wsVx1DVWsXM,"Puro elemento de calidad        Don Tablero, el aliado del carpintero.","May 19, 2026",25,2
2026-05-27,wsVx1DVWsXM,"Puro elemento de calidad        Don Tablero, el aliado del carpintero.","May 19, 2026",25,3
2026-05-28,wsVx1DVWsXM,"Puro elemento de calidad        Don Tablero, el aliado del carpintero.","May 19, 2026",25,0
2026-05-29,wsVx1DVWsXM,"Puro elemento de calidad        Don Tablero, el aliado del carpintero.","May 19, 2026",25,0
2026-05-30,wsVx1DVWsXM,"Puro elemento de calidad        Don Tablero, el aliado del carpintero.","May 19, 2026",25,0
2026-05-31,wsVx1DVWsXM,"Puro elemento de calidad        Don Tablero, el aliado del carpintero.","May 19, 2026",25,4
