Fecha,Visualizaciones interesadas
2025-07-14,0
2025-07-15,0
2025-07-16,0
2025-07-17,0
2025-07-18,0
2025-07-19,0
2025-07-20,0
2025-07-21,0
2025-07-22,0
2025-07-23,0
2025-07-24,0
2025-07-25,0
2025-07-26,0
2025-07-27,0
2025-07-28,0
2025-07-29,0
2025-07-30,0
2025-07-31,0
2025-08-01,0
2025-08-02,0
2025-08-03,0
2025-08-04,0
2025-08-05,0
2025-08-06,0
2025-08-07,0
2025-08-08,0
2025-08-09,0
2025-08-10,0
2025-08-11,0
2025-08-12,0
2025-08-13,0
2025-08-14,0
2025-08-15,0
2025-08-16,0
2025-08-17,0
2025-08-18,0
2025-08-19,0
2025-08-20,0
2025-08-21,0
2025-08-22,0
2025-08-23,0
2025-08-24,0
2025-08-25,0
2025-08-26,0
2025-08-27,0
2025-08-28,0
2025-08-29,0
2025-08-30,0
2025-08-31,0
2025-09-01,0
2025-09-02,0
2025-09-03,0
2025-09-04,546
2025-09-05,1
2025-09-06,4
2025-09-07,0
2025-09-08,29
2025-09-09,1
2025-09-10,0
2025-09-11,0
2025-09-12,0
2025-09-13,1
2025-09-14,0
2025-09-15,0
2025-09-16,1
2025-09-17,0
2025-09-18,1
2025-09-19,0
2025-09-20,0
2025-09-21,0
2025-09-22,0
2025-09-23,0
2025-09-24,0
2025-09-25,0
2025-09-26,0
2025-09-27,1
2025-09-28,0
2025-09-29,0
2025-09-30,0
2025-10-01,0
2025-10-02,1
2025-10-03,1
2025-10-04,0
2025-10-05,0
2025-10-06,1
2025-10-07,0
2025-10-08,0
2025-10-09,0
2025-10-10,1
2025-10-11,2
2025-10-12,0
2025-10-13,2
2025-10-14,0
2025-10-15,0
2025-10-16,0
2025-10-17,0
2025-10-18,0
2025-10-19,1
2025-10-20,0
2025-10-21,0
2025-10-22,0
2025-10-23,1
2025-10-24,1
2025-10-25,2
2025-10-26,1
2025-10-27,0
2025-10-28,0
2025-10-29,0
2025-10-30,0
2025-10-31,0
2025-11-01,0
2025-11-02,0
2025-11-03,0
2025-11-04,0
2025-11-05,0
2025-11-06,1
2025-11-07,1
2025-11-08,0
2025-11-09,0
2025-11-10,540
2025-11-11,1
2025-11-12,1
2025-11-13,2
2025-11-14,0
2025-11-15,0
2025-11-16,0
2025-11-17,0
2025-11-18,1
2025-11-19,0
2025-11-20,515
2025-11-21,27
2025-11-22,49
2025-11-23,6
2025-11-24,4
2025-11-25,1
2025-11-26,1
2025-11-27,0
2025-11-28,0
2025-11-29,0
2025-11-30,3
2025-12-01,0
2025-12-02,1
2025-12-03,1
2025-12-04,1
2025-12-05,516
2025-12-06,52
2025-12-07,8
2025-12-08,273
2025-12-09,324
2025-12-10,31
2025-12-11,3
2025-12-12,0
2025-12-13,0
2025-12-14,1
2025-12-15,0
2025-12-16,0
2025-12-17,0
2025-12-18,1
2025-12-19,0
2025-12-20,1
2025-12-21,0
2025-12-22,1
2025-12-23,0
2025-12-24,0
2025-12-25,3
2025-12-26,1
2025-12-27,0
2025-12-28,1
2025-12-29,0
2025-12-30,0
2025-12-31,0
2026-01-01,0
2026-01-02,0
2026-01-03,0
2026-01-04,1
2026-01-05,0
2026-01-06,0
2026-01-07,1
2026-01-08,0
2026-01-09,157
2026-01-10,289
2026-01-11,58
2026-01-12,32
2026-01-13,1
2026-01-14,0
2026-01-15,0
2026-01-16,0
2026-01-17,0
2026-01-18,0
2026-01-19,1
2026-01-20,0
2026-01-21,0
2026-01-22,0
2026-01-23,0
2026-01-24,1
2026-01-25,0
2026-01-26,0
2026-01-27,0
2026-01-28,2
2026-01-29,1
2026-01-30,0
2026-01-31,0
2026-02-01,0
2026-02-02,0
2026-02-03,0
2026-02-04,0
2026-02-05,2
2026-02-06,0
2026-02-07,2
2026-02-08,1
2026-02-09,1
2026-02-10,2
2026-02-11,7
2026-02-12,0
2026-02-13,1
2026-02-14,0
2026-02-15,0
2026-02-16,1
2026-02-17,0
2026-02-18,0
2026-02-19,0
2026-02-20,0
2026-02-21,0
2026-02-22,0
2026-02-23,1
2026-02-24,1
2026-02-25,0
2026-02-26,0
2026-02-27,1
2026-02-28,0
2026-03-01,0
2026-03-02,2
2026-03-03,0
2026-03-04,6
2026-03-05,236
2026-03-06,277
2026-03-07,0
2026-03-08,0
2026-03-09,0
2026-03-10,1
2026-03-11,87
2026-03-12,421
2026-03-13,2
2026-03-14,4
2026-03-15,1
2026-03-16,2
2026-03-17,2
2026-03-18,1
2026-03-19,0
2026-03-20,0
2026-03-21,0
2026-03-22,0
2026-03-23,1
2026-03-24,10
2026-03-25,3
2026-03-26,2
2026-03-27,0
2026-03-28,1
2026-03-29,1
2026-03-30,0
2026-03-31,324
2026-04-01,221
2026-04-02,6
2026-04-03,1
2026-04-04,1
2026-04-05,1
2026-04-06,0
2026-04-07,1
2026-04-08,512
2026-04-09,2
2026-04-10,1
2026-04-11,0
2026-04-12,2
2026-04-13,1
2026-04-14,0
2026-04-15,2
2026-04-16,0
2026-04-17,1
2026-04-18,1
2026-04-19,2
2026-04-20,1
2026-04-21,4
2026-04-22,2
2026-04-23,0
2026-04-24,0
2026-04-25,0
2026-04-26,0
2026-04-27,1
2026-04-28,0
2026-04-29,0
2026-04-30,0
